username,tweetsPosted
123_kera,13
17Emmz,31
214chas,2
2sdad,2
718PlayBoy,8
750inked,136
7unky,1
8jake_johnson8,1
ACFE_SHSU,3
AChrishele,8
ADAMBOBCOMEDY,1
AFE_LegitGod,4
AJ_Woolley,19
ASHXS314,1
ASoneff,57
A_Dubb18,1
A_Plain_Blaine,2
AbbyWithAn_IE,5
Absolutely_Aud,59
AdamscottOlsen,1
AggieOutfitters,1
Aggie_Forester,8
Ahlec_,1
AlanSteinberg,1
AlecGavin,4
Alex__Kirkbride,1
AlexisButsch,3
AlfredStickman,1
AlicciaaRaee,1
Allieee_leann,1
Alondrasw0rld,2
Alopez_54,1
Alyssa_Delome,9
AmberMostyn,1
Amor_Autumn,142
AngelaShimek,1
AngolanKingg,31
Ant_eiku,11
AnthonyMM47,1
AraceliiDelgado,1
Ari_N_Kelly,104
ArnaudsCajun,12
AryanaMichee,17
AshleyPonicsan,8
AshleyT_12,80
Ashley_dashawn,103
Asolid00,4
Atealem_,2
AtomicCorey,1
AudreyEEvans,2
AuthorMaca,4
AvO_1990,1
Avii281,2
Awldridecaldlfe,1
Ayo8sed,3
Ayoo_Kess,1
BB_LFG,1
BDanchenka1215,4
BPG_Prodigies,1
B_OutoftheBox,1
Baesicbryan,13
BagFredoo,4
BaileyAnn330,1
BaileyCresswell,2
BailyTippit,1
BarroshaBoykin,136
BasedGoddessKee,185
BaylorBaseball,2
Bcause_impretty,2
Beann_Olivia,17
BearkatOneCard,1
BearkatSports,1
BearkatsFB,16
BearkatsTFXC,3
BearkatsVB,3
Beeutiful_Daze,21
Begreatskiee,34
BenjaminEPark,31
BennieDozier1,1
BennyBoJames,4
BigDaddy_Monte,1
BigJ_ExtFitness,1
BigRed200935,20
BigSandino,1
BigSwole300,3
Big_lu_homie,9
Bighunchooo903,198
Blassingame_18,1
BlogThisLink,1
BlueLove_1920,1
BomberoDinero,3
BradlieCrowley,5
BrandiMaxiell,2
BrandonBobino,2
BrandonPonce713,1
BrannonRroberts,1
BreannaBrimage,1
BrennShae,32
BrentDraper16,1
BrianJutson_,23
Briceon44,5
BrileyPaul,7
BrooklinPavlas,7
BryceBarbay,5
Bstroke17,18
BubblyBreanna,18
BurlesonFFA,1
ByronCulton,1
CCHuntsvilleTx,7
CEOsmoov,84
CHSSDeanZink,1
CSTXPolice,1
C_E_Stewart,1
C_schmurda,2
CaitlynBrockway,2
CalebCobb06,134
CallyNicks,4
Cam_Tucker65,1
CamilleB_18,5
CammiGarrett,196
CampaignKJG_5,1
CarrieJettQuinn,1
CarriePaul,2
Carson_Byrd91,1
Carsonbgordon,6
CaseyJCrews,18
CasteckaA,6
Caturee_Savagee,2
Cedrico20,4
CeeEssJay,1
ChandlerHarvin,15
Chanelleee_,2
Charliejaey,40
Chase_c_lakerat,5
Cheechawthegawd,1
ChloeAHurd,131
ChrisYbarraWGB,1
ChrissyKellems,1
Chulitaaaaaaaa_,30
Ciz213,14
CjHtx02,1
ClineKyleigh,7
ClubShenanigan,10
CoachCharlieO,3
CoachDougSmith_,1
CoachHen_1,1
CoachLambino,2
CoachSiddiq,22
CoachWertz12,1
Coach__Campbell,4
Cocaine_Kittens,4
CodeRed714,1
CodyWCraig,1
Cole__white,10
ColetteDianne,2
Colton_cook4,1
ConnorJohn1868,2
ConsecratedHand,10
CoreyDeon300,1
CoreyPeckitt,7
Corn_tooraw,24
CorrineAbby,3
Cortes__Armando,1
CozyBoyBryan,46
CraaveSimone,2
Craigmid999,1
CreyolKing,19
Cruz_199615,1
CurtLock,5
Curved_too_much,39
Cybernoah17,1
Cynthia_Elisaaa,3
DBCoachMcGraw,4
DDDAthletics,1
DDLSNARE,192
DEEZUS43,223
DGCareers,1
DJAudiTory,4
DJ_TuReel,2
D_A_P_S,12
D_Sims18,2
D__Williams__,1
DaRealDJKe,240
DaShun_Mims,7
DaddyMarkyyy,51
Daefyre,1
DajaunaHosey,2
DakotaValentin3,5
Dam__Sam,3
DanaPittard,1
Daneshaa_,4
DariaGrice,1
DeeKomander,178
Degollado64,6
DeonLipscomb9,2
DerekSmithBU,1
DerickJRoberson,15
Destinclepper,1
DevanRease,18
DiamondJah,21
DiamonsAndGold,1
Dickersonkat11,25
DieselBaits,1
Dill4PF,1
Dmitch_12,1
Dollazmd,7
DominicBolden94,2
DonaldCSjr,8
DonnieLopezBGN,1
DontPlayJr,15
Dope_Dylannn,25
DrMillerUHD,1
DrRanda,1
DrResillaEd,1
DrReynolds___,1
DreaHernandez1,3
Duncanville_TF,1
DylanMay20,1
DyllunGarrett,44
EARLinLEMONGRAB,8
EJG1705,1
EJimenez86,1
EZilske,2
E_Geezy11,1
E_Hawkins23,1
Easy_Money69,2
EgreenComedy,1
ElNikoEmpire,1
Elijahw2020,1
ElliottBrecht,10
EmKay55424319,1
EmilioM88,4
Emilykrock,34
EmmaJo8,3
Eplleseed,2
Eprudhomme4,5
ErikaLSanchez,12
FOGtizop,12
Fab5Shsu,2
FailsKarlee,1
Faiths_clout,3
Fat_Boy_Cea,3
FearTheWreaper,1
FedkoZone,1
Fergv3II,4
Fernnomenal,11
FillyRider21,3
FlavorHouston,14
FlexOffDaMuscle,2
FoglemanKendra,1
ForeverVividInc,1
Frankk_Garzaa,6
GFarmsonline,2
GLHAG91,2
GMGarcia639,43
GRIND_EAT_WORK,1
Gabbby98,1
Gage__White,1
GarrettSmithTX,1
GatewaySHSU,37
GinaGaston13,1
GirlthatsQway_,1
GloUpElite,1
GoEmpireGroup,1
GoGettaWizzle,13
Goli_100_,34
GraceeBracherr,1
Gracie_Hedrick,1
GrantKelsoe,26
Graves_chris11,1
GraysonVanMeter,1
GreekSeasonArt,3
GreensFerryAVE,45
GregNoire,5
GuatemalaSosa,10
GypsyGinaTX,1
HAMberRose,2
HISDHornets,1
HackettKaleigh,28
Hailae_lilabeth,3
HaleHughes,1
HaleyAMarie,3
HannahChalmers0,5
HannahE1225,21
HarrisonErich,5
HattonNancy,1
HaydenWoods55,1
HearnBlane,2
HeatherrrrAnnnn,1
HillsboroAthle1,2
Himynameisblas,98
HokageJay__,54
HollieNail,1
HomieKayy,47
HoodieKjay,1
HouGalvAreaCog,2
Humble_Joshx,12
Huncho10_,1
HunnidbandZayy_,39
HurdleGang,1
IAmChrisALee,9
Ilajide,1
ImZachChampagne,22
ImyoStepdaddy_,2
IncJtc,3
IndaJeNai,28
Issa_realTrip,2
Item_Criswell,22
ItsTatiannaa,1
ItsYassmin,5
JAZZY_KG,187
JB_Brown2020,1
JJUULLIISSAAA,2
JLayea,3
JMilesKHOU,1
JRhodes97_,35
JSide_Unleash,2
JULISSABRBRJJ,1
J_Tolefree18,2
JacquelineLHine,1
JamesBreeden,3
JanelKHOU,6
Jashouseofhair,109
JasmineNicole_8,12
JasonMinnix,5
JavierCasasJr,9
JaxBoutte,1
JayNecole_,1
JayVigne504,3
JazLynnKM,2
JazzyE_,72
JeffSyptak,1
Jeff__Ellington,3
JennaEveleth,57
Jenniffer_Sosa_,1
JennnnyyBaby1,2
JensenVienne,3
JessFairbanksss,7
JessGruenling,2
JesseEvanParker,1
JessePacheco_3,1
Jessiiie11,2
Jessimueller_,27
JesusJg52,2
Jesus_Perez02,2
Jheebie,3
JiMeNa_VaRgAs17,2
JiselleeStrongg,141
Joejoe22Ortiz,2
JohnBrandonPie1,1
JohnsonColiseum,6
Jomyster99,14
JordanSmithPXP,1
Jordan_Brown20,6
Jorgebet3,1
Josue_Suarez_2,1
Jrocksupernegro,6
JuJu_Drumz,2
JuanMoreno1110,1
JulianaHenry17,3
Junior71Trey,1
JustTheTiff496,15
JustinIGarcia5,2
Justin_Lettuce,3
Justineeee31,5
JustinjH02,1
KAGS_Justin,1
KAGS_Lucas,13
KBTXErika,1
KCTigerSball,6
KC_Baseball,1
KINGHOWSE,2
KLSweeten,4
KMoneyy95,1
KQJ_23,12
KYCampusCompact,2
K_LO441,2
K_Roselle7,1
K_ierra,21
KappaMuPoodles,3
KaraGobert1,3
Kassiiiii21,419
KatieGleghorn1,2
Katie_Janczak_,4
KatieeDenise,1
KatsnCowboys,61
Katyjohnson_4,4
Kaydillaaa,1
KayleeKelley_,2
KaylnLambert,10
Keebler2290,2
KelzamGaming,2
Ken_Holland,68
Kevin_CoolAss,1
KianaRanae,4
KiingTaylor4,1
KingJust1n,1
KingLuieee,1
King_JayShep,28
Kinnare786,1
Knock_emoutt,8
KobeP_3,1
KodiZene,1
Kolby_Lane,2
KristenMeyer10,4
Kuda_BangBang,1
KyleBargerPart2,1
KyleeDominy,1
KyleeeAnthonyyy,18
KylieLavinsky,1
LT_Singers,1
LaBuff_,3
LaaureenNiicole,12
Lah713Key,12
LahhAnt_,1
Lakuita1,13
LaredoSportsX,1
Lashayemartin,91
Lca57,4
LeVautry,14
LeahMarieFlores,5
LeahRainee,4
Leevis_Island,2
Leigh68,2
LeoMichel230,7
LeviAIsmail,1
LifeMelvin,2
LilAnt00,1
LilPaace,1
LilSumooo,44
Lil_clarissa,14
Lilbruhtezo,1
LindsayWauls,13
LongLiveCashout,10
LosTheTruth,39
Lowkey_Chillbro,7
LreshaYvonne,1
LufkinFFA,1
LuiVuittonn,5
LukeMalone44,1
MADouble1126,1
MFitzProducer,3
MHSSoftball3,1
MPC_TX,1
Maaadddieee,12
MaddieAvila_,14
MadiSeagravesss,2
MadiiAnn18,7
MagEGordon,1
MalachiteMamiii,1
MalikGriffin75,1
MargaretG2018,1
Mariah_Lilly,3
MarthaAlRomero,7
Martinez_girl03,1
MaryGrace202,1
MaseyMcCaskill,1
MattBurrell51,293
McCrackenAllie,1
MeanGreenSB,1
MegAnne,1
Mermaidzo13,3
Michaela3025,6
Michel_Rubi,1
MichelleMeers,1
MikeDontPlayy,2
MikeRosTX,1
MikeZiemer,1
Mikeb52,22
Miller_D_,10
MissAmEricaP,2
MissHuberto,29
MltnHernandez,2
Mojo1130,1
Montanaamarie,225
Mr_TaMarion,58
MrsSJennsClass,1
Ms_Whittington,1
Msmccooltoya,1
Mtz74kg,1
MyaaNicole_,1
NABJ_SHSU,12
NATEthaGREAT5,11
Nancy_arr,2
NaticaSam_,1
Nbt_deexjayy,1
Nefff_24,6
Nevelinnn,17
NguyenCynthia,2
NickHudzinski,1
Noemy97pv,6
Notorious_Kevo,164
OGNANO_,1
OG_EC,2
Oh_Katie_Babie,1
OhhSoTalented,2
Olivianski,2
OmgzItsMarisol,71
Only1Lazaro,1
OpieBandit,111
OrnithMusic,13
PRSSASHSU,13
PReTTie_MaRie11,1
PaigeErigan,5
PandaCareers,2
Parfaitbellaa,20
PatYouSoNasty,1
PattilloSean,1
Paula_loves_,14
Pbuck381,55
PeighJones,1
Penny_jr3,3
PerfectPic,4
PerhapsPinkPol,1
Playboizach,35
PoweTyrese,1
PresaStephanie,4
PrettyAutumm,248
Princeyoung5,1
QueenE__,1
QueenaAnietie,1
Quis223,2
REAL_RELLZ,4
RRachel513,2
RWJH_Orchestra,1
Rachael_Pratt04,1
RachelDeaton,4
RachelMcelreath,1
RachelRox63,1
Raeeography,3
RamirezEmily99,1
Raulthreads,4
RawRecardo,2
RealAlecJohnson,13
Rebeccaaa_19,11
RedLipsStill,3
Rell__NLMB,116
RepublicatSH,14
Rhys_Phinnessee,5
RiceBaseball,1
RiceOwlsVoice,2
RideAHarleyy,1
RioFluss,7
Rissythe13moon,1
RizonnHendricks,131
RizzyRizzYT,1
RleenAlvarez,1
RoblesFaith,1
RoseMorgan_15,10
RoyMoores3,1
Run100milesMom,5
RutNathan,5
Ryan_Zamboni,6
RyonSenegal_23,5
SAPDCareers,1
SFA_Softball,11
SHAKIRDABAG,19
SHSUACT,1
SHSUAlumniAssoc,14
SHSUHonors,7
SHSUKISS,6
SHSULSC,5
SHSUPhiDelt,10
SHSURecSports,7
SHSUSLMS,2
SHSUStuAct,30
SHSU_CHSS,19
SHSU_GreekLife,12
SHSU_Library,1
SHSU_MEN_SOCCER,1
SHSU_REG,1
SHSUdining,8
SMMWilliamson,8
SMSNsupplements,1
SPena_1,1
STL_Huskie,2
S_S_Retrievers,2
SalazarFred56,1
SamiHogan,8
Samipoirrier,4
Samlovesyou2015,25
SanMoo972,1
SantiagoEdison,2
SaraLadytiger,10
SarahGreenTx,1
SarcasticlyDope,1
Savage6_,1
SayKoo22,147
ScHoolboy_reese,78
Schmooie,1
SchoolGiiirlJ,170
SharonNathalieC,41
SheighBear,3
ShelbySalkar,1
Shelby_Ryan2125,1
ShoesLonzo,6
ShrimzyPUBg,1
Shydawg11,4
SincerelyRae,99
Singletary_28,12
SixHeadGod,4
Skyler_baleigh,1
Slayer_Izaya,3
Smooovguy,3
So_Not_Worried,1
SoftKHeart1,1
SonicbutterPDX,2
SophiaBubblez,11
Souless_Geek,2
Sparrow3Live,1
Splashes_,1
Spock_of_SHSU,14
Squad7Reject,1
Squidflips,3
StaceyLoweryw,6
StaigerAbbie,3
Steph_Demco,4
Steph_Osgood,58
SteveABC13,1
Steven_Gruss,2
Stuntman7__,2
SugrueRiley,36
SupMissy,1
SusannePMoore,1
Syalah_,33
Sydney__herman,3
TIMMYxBURNER,1
TWill_10,2
TWilson5589,1
TXCreoleShani,1
Tabitha_samuel,1
Tanikaadesa,1
TarynnGrayy,10
TasharaParker,1
Tayyylorrr10,7
Terilisha,2
Tessie8188,1
TexasGAL,11
TexasKowboi,1
Texasphysio,45
TheAnissaGarza,2
TheArborsofSH,1
TheBrandonWinn,43
TheBrittDean,1
TheCityOfPvris,58
TheDominguez_1,21
TheJFunderburk,1
TheJG__,2
TheJGlenn,1
TheKStell,1
TheMWall84,1
ThePhi112,1
TheRealMFCW,1
TheReal_Skinn,3
TheTamaraJones,14
TheTruthJackson,1
The_LionDragon,2
TheeTashaSnow,246
Themcdouche,2
Theryanriley,210
ThetaMuAlphas,34
ThetaRhoSigmas,1
Thiag0Costa12,1
ThumbsUpRunners,2
Tiffany_Gilley,2
Timbo_Slice2,1
Tip2times,118
TommyOGolf,2
Tony3Swain,35
TonyWilliams15_,10
ToooXL,28
Tpr_James_Casey,1
Train24Freak,5
Tree_MF_Allen33,18
Trent_Pryor,9
TreyDen10,8
TreyHouse8,13
TreyMelchor,5
Treypechal,1
Tribe_Shed,1
TristanLane68,1
TroyKGore,3
TwayneLewis,1
TwinReally,3
TwitpicThat,13
TxInMySprite,2
TydaGoatt,3
TylerSeggerman,7
Tyriquegtg,2
UConnBSB,2
UIsbah,1
Uno_Dos_Trace_3,1
VHinojosa9,1
Veejizzay,1
Vero_162018,1
VeronicaGrey4,5
VickieBarrow2,1
VictorCalvill18,1
VictoriaAbowd,2
Viewdarius,9
VillafuerteDV13,35
VirReyes127,6
WEDU4life,2
WWsnacks,1
WarriorOrch,1
Winnkk182,32
WitchyAlisha,1
WolfTyren,217
WonderBreaded,2
Wonder_Kid4,11
Wydelisha,17
WylieFlowerShop,1
XwattsD,261
YJayuhh,1
YallHateeBree,1
Young5Ever_,35
ZachNutall2,34
ZydecoEvents,1
_AmourBrii_,95
_AraikSlimm,36
_ChloeeeAnn,5
_ClaireSmall_,13
_G3N3VA_,1
_JBrigette,80
_JadeyForever,3
_KayKelley,1
_LifeofBri_,8
_MayCouture,1
_MoneyMike1855,1
_Nakiaa_,18
_NoLo5,51
_PrinceAlonso,1
_Selfmade_Rose_,1
_Sunshine91,1
_Swayy1,1
_TrillAssShawty,1
_TrulyAlexus,4
_YOURBOMBSHELL,8
__DrekaJ,3
__ImTheHype,1
___yamuvvaaa,9
__mariamaaa,1
__pheaktraly,3
__trinavega,55
_alygomez,6
_ariieee,41
_bohadnot,10
_brisher,38
_cameronphelps_,1
_colombiamade_,34
_gissell11,2
_grace_40,9
_iimJae,10
_itsksimone,649
_jerryovoxo,4
_karinasteph,1
_kcrodriguez,36
_kennoo,9
_kissmipretti,1
_krisstenmarie,1
_krivtian,66
_lilbunk,7
_meeelaa,1
_messiaaaa,12
_nishilla,2
_ohhyazmin,104
_prettypink__,2
_selenaw3,8
_seyseyqueen,2
_shellyoo,1
_smithslade,2
_taystevens,1
_tclay26,1
_theyloveDJ_,1
_walltur,46
_xodesi,3
a_crownofwealth,1
aaron_arcos,6
abbydelozier1,2
abcdejiah,57
abi_christinee,73
acasonsclass,13
aguilarbuilds,1
ajeezzyyy,1
alainajuliee,2
alana_alston,10
alannaJa_,3
alanrivas_10,4
alenannguyen,13
alexaaa_marie15,14
alexamely98,3
alexis_murrayx,66
alexisbennett95,1
alexiscrooklyn,39
alexismwamba,3
alexistx2,1
alexmorrisonnnn,1
aleyandruh,54
alfonsolopez3,1
alientransdan,1
all_dunn_97,146
allie_acord13,1
allyspeirs,2
allyssadawn__,1
alsailer,1
alycoplin,2
alyssa_roth,1
amanda_gabie,3
amberduh08,6
amberolman_,6
amberrrrrr_____,2
andimfaith,1
anna_maurilia,119
anniemckelroy,16
apursleyjr,5
arron_vela,2
asashanaev,9
ashleyyy991,3
ashlielynnx,15
ashlinbrenner,10
ashllyntaylor_,10
ashlynrduck,10
asmaddieascanbe,1
atayaam,2
augiecomyn,9
ave__babe,1
ave_rob,1
ayebryo,23
ayeeitsesme,8
ayeyooitsTiff,1
b98williams,25
b_rosegardner,4
babeeitsc,23
baileyilyssa456,6
bairdella,8
baleighnacole3,1
balmanza1,3
banegasboy,22
bavila1361,1
bbjmommi,1
bbyangel__,137
bckoster,24
beachdreaming44,1
beahernandez_,1
beingusTV,1
benphillips899,8
bigboyd14,1
bigshotjuanton,1
bitchassboozy,1
bitchhimrich,1
bobbiejoa_,12
boiteux,3
bonilla_edwing,4
bookdagoat,1
boomie_27,56
bowers_danny,3
bpbkforlife,5
braxbryse,1
breellis21,1
brendaaax_,35
briangaddis,1
briannanm,3
bringingupsara,2
brittlynnhowell,25
brodywale,18
broitsbrooke,4
brookayye,21
brooke_ansley,1
brookeeyyy_,8
brookekarm,8
burke_haileyy,1
c_aaitlynnn,275
c_norton11,1
calieburris,1
callmerichrick,1
callmerukaa,12
calvinaward,1
camaryalise,1
cameracult,1
camgims2,1
carlyenglish_,1
carter_toneil,10
catwoof_,1
cbrady1974,1
cbridgewater00,46
cccoouurrtt_,2
ceciliagalvan08,1
cecilymarie__,3
ceepaige,11
celiburgs,21
cescaa08,13
chLoejazminn,2
chair_v,29
chambleefilm,4
chandlercraig2,17
chanelbambino,102
chefberty,52
cheleres18,4
cherrio16,10
chikiscantu1898,3
chinginchen,2
chizzy_ndu,31
chrisecervantes,2
christian23jp,5
christorres630,1
cisforeal,6
cjg1900,3
cjortiz23,1
clarkiee3,4
cleblanc93,1
cllowery,1
coach_trahan,1
coachairvin,3
coachbartosh,1
coachvictorgill,1
cocoa_pebbs,29
codi_carpenter,5
cody_morris2,6
codycoil,3
coh_n,2
coleman_fish12,1
colvin_anna,1
connie_torres16,1
corey_batts,7
corkgraham,1
cortllumimati,15
courtneyelrod21,2
courtneyfinnen,95
courtneyjanae_,2
courtnneymarie,1
cowzpadre,2
crazy_keeks,1
crimsonscloverr,3
cruzzzin_,200
cryssiedenise_,10
csheaff10,6
curious_Bartell,4
daazbelike21,4
dabomblikeboom,1
daelynndelarosa,3
daisyy_thornton,1
daltonrstewart,5
dam3xx,24
damndes_,130
darianalisele,6
darianbucknor,29
datrodriguez,2
datsme_,1
dazhaaavu,15
dcapodice,1
deannadurbins,3
dedelashlabbb,5
deeee__24,1
dejaa_durant,20
dejadoesit,29
dejahann17,3
deliciousxd_,3
delira5,2
derronsmith36,5
desiree1garcia,1
desiwhiteman,1
destinyhailei01,2
devin_jus,4
deviousduck_,1
dezerea_lynn,1
dhoward1991,2
diemonos28,1
dillonangle14,3
djstruggles,2
dkerra_,125
dloe351,1
domacash,1
donavonblackman,1
donrast,5
donyosh161,1
dottyknows789,4
dougbarnette,1
drewvarner28,25
drovisuals,1
dsamm55,2
dsmith1199,4
dtmuddy,1
duanabrashear,1
dvJavon,1
dxrx12345,9
dyland95,6
e_jenkins,6
earthtomacy,3
ebbonyy3,15
econnolly11,4
edmkrisjenner,416
edoardovillan,1
edpsycdoc,1
efishhhh,61
elsamdaily,3
emcatxo,2
emmamcita,2
emmclouthier,4
emmyebirim,15
enrichedblunts_,2
erica_petersen_,2
erichanke,1
erickstheone,1
espinosasdallas,13
evadog14,1
evan0ne8,59
fabi_babyy,1
fadeddecade,6
fceaser,1
fdavenport,2
flem_g,1
fly_felipe,1
foleycentershc,1
fongalicious,9
fr8train2323,6
fuckyoumakearte,16
fwmheifer,2
g_amber3,48
g_bengaa,3
ga_allday,3
gabnacole,1
garyhuerta09,6
geebaaby_,6
georgeeoliver,2
gharivmb,1
gloria_xx3,64
glowop_,222
golfcarr,6
goodsocial7,1
grantahewitt,6
griffin_ashh,1
guhgrace,14
hadiebabie,4
haleyburles1,1
haleymartinezz,1
hall_chsb1312,1
hannahbfishin,7
haydeelee11,10
hcbhuntsville,14
hdzstef16,1
headhunter_26,21
headhuntin71,2
heatherB_V,12
heightshsband,1
hella__bella,6
hellonelii,1
hernamealise,2
herreraYedgar,1
hessleighann,16
highlyexaltd_,7
hinacardsep,1
hn_ant,1
holdonhollywood,2
hopetraut,1
htx_lindslay,164
htxmaddieee,26
htxqueen,439
hunter_c33,1
huntraielwatson,5
iAmJackFrazier,23
iAmTreboR_TSOE,17
i_got_spirit,18
iam6lvck,1
iam_DTA13,170
iamdamastersam,22
ihatemeetoo,21
ilv77,1
im_second_56,1
imanisp15,196
infamoussdre,265
inthewood_,35
ireneborges03,1
irosodomakeup,1
isaaacpena_89,5
itsDjDoubleW,5
its_bri_bri_bby,5
its_melz16,1
itsdanisuttle,1
itskya__,1
itzelgonzalez13,3
ivaaan__9,1
j0j0salinas,4
j_flamess,1
jacobh_25,10
jacypimpin,1
jaelyn101d,1
jaimeisdope,6
jaishawn_,17
jakayciateel1,1
jamie_dannielle,2
jantrell_,55
jaonnnnn,46
jaredbrattonmay,3
jasonbarfield,22
javipuente_15,10
jawsehlin,8
jaylonbrooks12,14
jayyrod4,1
jbrecht101,1
jcobimason,220
jcrafter8,1
jdmusic_623,5
jedahi1996,1
jenn_nunez,2
jennakathryn02,1
jennalazarow25,11
jerro00,7
jessebeltran101,8
jessica__rosso,2
jessica_hogle97,2
jessieloves__,6
jgreene_5,9
jimenez1raquel,3
jjuliehernandez,18
jlsHouston,2
jmata14_,2
jmendozaaaaaaa1,1
jmytch0,1
jocelynnhodgess,1
jonahlandry63,1
jontelrenee,1
jordan_jenkinsj,1
joseepride,39
josemartinez105,20
joshmcneill97,13
joshuavel97,1
josiemm2019,40
joy6tick,1
jrockethbk,2
jserguiff,20
juan_n_a_milli,2
juicegodjake,1
juniorcarter17,4
just_kem,4
justin_dwight97,2
justinandrewsla,1
justrj123,1
jxice15,106
k__cardoza,6
k_acks3,2
kaaaaayd_,1
kaacymariee,2
kaalienn,1
kaarrlluuhh,77
kaileybrooke101,18
kaitlyn_twss,71
karenmescarcega,4
kaseybautista64,13
kate_florencio,1
katelyn975,1
katelynn_trout,5
kathycutieduh,26
katiestockdale,4
katisnguyening,20
katlyn_denise87,6
kaushalya_singh,2
kaylaalleese,6
kaylinncortez,2
kaylourise,302
kealymarie__,1
kellibearrools,3
kelsey_brame,6
kelseyakelly,9
kelsibrinkmeyer,2
kelsieeebriana,6
kendallann4,9
kendra1830,3
kenlie_barrett,5
kenzi991,2
kenzzzzzz_17,1
keyareuh__,2
keyziahah_long,1
kfeb45,2
kiarajanae15,15
kiki_o_o_,6
king_hdb,1
king_jbg15,28
kirapa1ge,16
kirrbbyyy,5
kitchenpreacher,1
kjeffery_20,13
kkelm13,2
klovethealpha,11
km_cooperr,11
kmooremusic,41
knmatthews4242,29
korylmao,1
kourt9hazelip,16
kperry,19
krayzh,1
kristinlopez77,10
kristopherj,1
ktbarnyard,1
kvng_tman,2
kylemckelv,1
labeallo1,11
laetatia,1
lailascasaa,3
lanadelrileyy,5
landchamm,3
landryreneee,3
lanecat,1
latenightstay,1
launO_,9
leahhh_maeee,1
learyxmusic,2
lechi_laFlame,14
leci_bullard,1
lefregia,1
lepage_mo,1
leviarnold30,2
lexi_neel20,18
lexisanjaynette,1
lexxirogers,1
lexyf_,24
lilDarrell12,2
lil_man2017,1
lillamb1997,1
lillianashleyyy,3
lilpokeyy,24
lindsihcaf,20
lissetsantos15,60
live_viibe,2
liveatencore,2
livinmediocre,32
lizardbreathwal,4
lizzielaundry,2
loladcontrolla,1
lonnaannmarie,1
lordjag3,51
loveflowerstho,86
lovekrys__,367
lowkeygeeee,11
luigitimeyeah,7
lukewhorne,1
lynz_____,36
lyssnicolerod,19
maakaaylaas,1
mackenzieg99,1
madddeline_____,4
maddylevyy,1
madisontucker_,1
mahaliaroyale,284
makaylamnz,7
makaylamortiz,2
makeupbysheila,3
malik_rashaan,2
mamagabbss,23
mamaneekss_,2
mantha_fonseca,6
marcd1906,1
mariaaa1020,15
mark_eells,1
matt_reddoch,5
matthewmcgill99,12
mattpedersen5,3
mayh_____,1
mcberry77,2
mdmathis65,7
meagandowling_,24
medminorities,11
meg_galliger,1
megan_renee16,149
megannlindstrom,1
melosice_,4
mern22115,158
mgalownia,1
miawxmxck,34
michaaelallennn,23
michelethetweet,1
mikayla_ware,1
mikeBy_God,1
mikelive21,45
mikiibee,1
minigarystixx,115
mkaysmitty9239,1
modeling_marina,138
mojoyoyoovo,9
molee_21,1
mollyyhall,4
mooochelle6,8
moreauwhitleigh,1
morgan_maddi,18
mr_born2lose,2
mrjackson_65,2
mrs_wilcox4,1
mrsramirez_08,2
murda14k,3
myahcourts,1
myra_keri,2
naaaymere,1
nahshonellerbe,1
nasia1k,50
nataliecnieto,3
nataliegolf,28
natashaeskimo,1
nbsshsu,1
nesbitt_ashley1,2
nick____silva,5
nikki_sosaa,2
nikoodadon,256
nish_kelk,4
noirchelsey,6
nomamessophia,1
nosrednaseilyk,2
nyacoleman_,6
nyeshaaa__,24
officialyungmad,1
og_jaydee,189
ohhh_lisa,32
ohhxenaa,11
ohitsnich,26
ohkayythen,1
okaydesss_,198
oliviaagrace_22,4
omgrobynrly,62
ozzy21salazar,32
pachecod18,17
paper_chr,1
paxton_abi,24
pearlswithjays,2
peterjame32455,1
philadper2014,7
pinaangel3,2
piperrr18,304
plarsen7,1
pnsanchez23,1
powell_emi,1
prisoncityparty,3
pyperlane,12
qman141,16
qveen_t_26,7
r1gumbel,1
r_roddey,8
raneywesley6,1
ranychea,1
rastein77,2
rayvoningram6,2
rayyagordon,1
realBrintBray,5
realcdamac,2
realsincerej,5
realtormaryj,1
rebeccachuc,3
rebelliousrocky,8
redmancam23,2
reecylomaxx,2
regan_reese,1
reganndunn,3
reinabanes,1
renthebarbarian,13
rhondielenee,2
rickiiBobby,16
ricky7990,1
rileylakin_3,5
river_bennett,7
rmontelo,21
rnacknzie,1
roasted_weenie,1
robertsmikey11,13
rodney_jon,1
rodrigueznancyg,1
rodzgalileaa,1
rogersemilee79,1
rollingscon,1
ronni__xoxo,208
rosesandstyles,1
rowdyfurrh2019,10
ryanlandry6712,22
s_life15,21
s_wierd,1
saaycari,1
salazarmmelissa,37
samsontx,4
saraann2015,3
sarah_rivers4,3
sarahhguzz,2
sarahlking99,1
saraiahwalker,2
saraii_diazz,2
sariahsonly,2
saucevilletree,29
saucyelijuwon,34
savannahraethom,3
savywells33,2
sawceym,1
scarpeav,8
schilzyy,3
scorpio4,2
scottatnip,29
scottattrinity,1
sebe598,2
segura_77,1
selfiesellout,4
sethdm0817,20
shaesters101,6
shakenbake1721,1
shameless_l,58
shanno____,5
shannonmayw,1
shawninthecut,156
shawnsmiles_,65
shayla_rocker,1
shelbsG4,6
shelbs_husky,1
sheridonmcgrew,1
sherryy_berryy,13
shirlee_mariex,18
shoebechuchu,1
shoeheadQ,200
shsu_lulac4284,3
shsu_mto,1
shsupolisci,1
shsustuaffairs,5
shsutafe,4
shy_vx,1
sierrasheda,2
sirenia_14,1
skylarhinson,31
skyrisenation,1
smilealwaysale,1
smiley_ivan,11
smithlauren17,12
sneeaky_ks,1
soccer_vibe04,7
sofiabereket,1
sofyg9989,14
spencer_dunham,88
sportstalkmatt,1
springtimemotor,3
sprinterlaur,1
ssarah_hodgess,1
stephd0204,1
stephwdbs,1
stopmiracle,1
str8forwardink,1
suarez_carlota,7
superdupermeli2,17
supremebeezy,2
surfergurl16,4
susanhtml,1
sydney_weatherl,2
sylviamijaress,1
tannermoreno69,1
tatersalad0107,3
tatumsp97,1
tatyanajenive,1
tayIIord,3
tayylorrr31_,1
tdot_Jr,1
tebant18,1
techlikeaninja,1
teenagecarmen,1
thatslilclooo,1
the4shaws,1
the_swade1,1
thealyssarobey,18
thebestboxever,18
theinfamousmads,3
thejordanmann,17
thekeithahee,4
therafaelmatos,1
therealbabyday,1023
therenaissauce,1
thetaylornd,21
thettumom,3
throwhoe,5
tjt040774,1
tmj_usa_retail,1
tonyarodger,1
tori_gatling,34
torimcclendon24,26
traezoe,2
trashqueenethan,4
travis_thatdude,15
tre_odom,1
tribe6_cat,1
tulestweets,1
twagley1,3
tx_cso,3
txdxyuki,1
tyakamille,18
tylerreliz,30
tylert_23,1
un_0riginal,134
urja_kc,5
urth2leesha,1
valreneau4,1
vaneciaga,1
vets4vetscoop,5
vidadeadii,1
vintagesoulx3,1
walking_legend2,1
wastefangs,1
watchvinceeat,1
wayneparker1970,1
waynetheboss_,9
wesmo__,30
whittweetsit,1
whoadon,2
will_bmm,1
willdoesit__,2
willie_soward,9
woodallkyle98,1
wright_ashton,1
wtfkennedi,20
wtvralyson,2
wyatthunt1313,5
xSLIMEx_T,1
xSierra__,347
x_LeahSymone,2
xaviertweethard,5
xaxrnglx,46
xkaitlynfox,4
xo_vaneee,90
xoshaniya,1
xotwodnathan,1
xoxoElenaLuna,4
xoxo_mhnk,14
xoxoavo,15
xtinamaromusic,1
yamin_risana,18
yaunabana,77
yazmin_Albaaa,1
yofavj,1
youcouldnever07,3
youngcoop21,2
youngswayze96,9
yowingo,4
yungmarlyn,13
yungshawarma,1
zachwright22_,10
zbrune7,144
zbyvms,2
zyrriiaa,30
